{"cameraMode":{"drawMode":0,"name":"Shaded","section":"Shading Mode"},"sceneLighting":true,"audioPlay":false,"sceneViewState":{"showFog":true,"showMaterialUpdate":false,"showSkybox":true,"showFlares":true,"showImageEffects":true,"showParticleSystems":true,"showVisualEffectGraphs":true,"m_FxEnabled":true},"in2DMode":false,"pivot":{"x":-0.21839618682861329,"y":1.1212904453277588,"z":-1.0130257606506348},"rotation":{"x":-0.04823945090174675,"y":0.9253376722335815,"z":-0.12597686052322389,"w":-0.3543333411216736},"size":5.1542582511901859,"orthographic":false}